Statistic,P-value
33.09205552403508,4.621016772166046e-74
