Statistic,P-value
379.64932898249214,1.8612429127046736e-76
