Statistic,P-value
26.524123855642564,1.4191338079071116e-113
