Model,MSE,R2 Score
Random Forest,1397131593927369.5,0.977447570125349
Decision Tree,3404449407467232.5,0.9450455441295437
Linear Regression,9581108747315868.0,0.845342211081314
