Fold,R2
1,0.8662647196755058
2,0.9058087364228073
3,0.7778559197536525
4,0.894717054778034
5,0.8608791055434475
